species_key,common_name,scientific_name,entry_type,category_slug,water_type,care_level,image_status,candidate_image_url,thumbnail_url,source_page_url,image_source_name,license,credit,needs_ai_generated,confidence,notes
betta_species,Betta,Betta splendens,species,betta,freshwater,beginner,licensed_photo,https://upload.wikimedia.org/wikipedia/commons/1/1e/Betta_splendens.jpg,https://upload.wikimedia.org/wikipedia/commons/1/1e/Betta_splendens.jpg,https://commons.wikimedia.org/wiki/File:Betta_splendens.jpg,Wikimedia Commons,CC BY-SA 1.0,User:Mendel,False,high,Verified CC BY-SA 1.0 on Wikimedia Commons file page. Species-level photo of Betta splendens.
halfmoon-betta_strain,Halfmoon Betta,Betta splendens,strain,betta,freshwater,beginner,ai_placeholder_needed,,,Generated Placeholder,Fishy generated placeholder,Generated Placeholder,Fishy generated placeholder,False,low,Generated illustrative placeholder; not a verified real species photograph.
plakat-betta_strain,Plakat Betta,Betta splendens,strain,betta,freshwater,beginner,ai_placeholder_needed,,,Generated Placeholder,Fishy generated placeholder,Generated Placeholder,Fishy generated placeholder,False,low,Generated illustrative placeholder; not a verified real species photograph.
crowntail-betta_strain,Crowntail Betta,Betta splendens,strain,betta,freshwater,beginner,ai_placeholder_needed,,,Generated Placeholder,Fishy generated placeholder,Generated Placeholder,Fishy generated placeholder,False,low,Generated illustrative placeholder; not a verified real species photograph.
veiltail-betta_strain,Veiltail Betta,Betta splendens,strain,betta,freshwater,beginner,ai_placeholder_needed,,,Generated Placeholder,Fishy generated placeholder,Generated Placeholder,Fishy generated placeholder,False,low,Generated illustrative placeholder; not a verified real species photograph.
dumbo-betta_strain,Dumbo Betta,Betta splendens,strain,betta,freshwater,beginner,ai_placeholder_needed,,,Generated Placeholder,Fishy generated placeholder,Generated Placeholder,Fishy generated placeholder,False,low,Generated illustrative placeholder; not a verified real species photograph.
koi-betta_morph,Koi Betta,Betta splendens,morph,betta,freshwater,beginner,ai_placeholder_needed,,,Generated Placeholder,Fishy generated placeholder,Generated Placeholder,Fishy generated placeholder,False,low,Generated illustrative placeholder; not a verified real species photograph.
galaxy-betta_morph,Galaxy Betta,Betta splendens,morph,betta,freshwater,beginner,ai_placeholder_needed,,,Generated Placeholder,Fishy generated placeholder,Generated Placeholder,Fishy generated placeholder,False,low,Generated illustrative placeholder; not a verified real species photograph.
dragon-scale-betta_morph,Dragon Scale Betta,Betta splendens,morph,betta,freshwater,beginner,ai_placeholder_needed,,,Generated Placeholder,Fishy generated placeholder,Generated Placeholder,Fishy generated placeholder,False,low,Generated illustrative placeholder; not a verified real species photograph.
copper-betta_morph,Copper Betta,Betta splendens,morph,betta,freshwater,beginner,ai_placeholder_needed,,,Generated Placeholder,Fishy generated placeholder,Generated Placeholder,Fishy generated placeholder,False,low,Generated illustrative placeholder; not a verified real species photograph.
samurai-betta_morph,Samurai Betta,Betta splendens,morph,betta,freshwater,beginner,ai_placeholder_needed,,,Generated Placeholder,Fishy generated placeholder,Generated Placeholder,Fishy generated placeholder,False,low,Generated illustrative placeholder; not a verified real species photograph.
peaceful-betta_species,Peaceful Betta,Betta imbellis,species,betta,freshwater,intermediate,licensed_photo,https://upload.wikimedia.org/wikipedia/commons/a/a6/Betta_imbellis.jpg,https://upload.wikimedia.org/wikipedia/commons/a/a6/Betta_imbellis.jpg,https://commons.wikimedia.org/wiki/File:Betta_imbellis.jpg,Wikimedia Commons,CC BY-SA 4.0,A.H Idham,False,high,Verified CC BY-SA 4.0 via Wikimedia Commons API/file metadata. Species-level image for Betta imbellis.
slender-betta_species,Slender Betta,Betta bellica,species,betta,freshwater,advanced,ai_placeholder_needed,,,Generated Placeholder,Fishy generated placeholder,Generated Placeholder,Fishy generated placeholder,False,low,Generated illustrative placeholder; not a verified real species photograph.
akar-betta_species,Akar Betta,Betta akarensis,species,betta,freshwater,advanced,ai_placeholder_needed,,,Generated Placeholder,Fishy generated placeholder,Generated Placeholder,Fishy generated placeholder,False,low,Generated illustrative placeholder; not a verified real species photograph.
iban-betta_species,Iban Betta,Betta ibanorum,species,betta,freshwater,advanced,ai_placeholder_needed,,,Generated Placeholder,Fishy generated placeholder,Generated Placeholder,Fishy generated placeholder,False,low,Generated illustrative placeholder; not a verified real species photograph.
snakehead-betta_species,Snakehead Betta,Betta channoides,species,betta,freshwater,advanced,licensed_photo,https://upload.wikimedia.org/wikipedia/commons/1/1c/Betta_channoides_female_09-07-2025.jpg,https://upload.wikimedia.org/wikipedia/commons/1/1c/Betta_channoides_female_09-07-2025.jpg,https://commons.wikimedia.org/wiki/File:Betta_channoides_female_09-07-2025.jpg,Wikimedia Commons,CC BY 4.0,Ryan O.Hershey,False,high,Verified CC BY 4.0 via Wikimedia Commons API/file metadata. Species-level image for Betta channoides.
browns-betta_species,Brown's Betta,Betta brownorum,species,betta,freshwater,advanced,ai_placeholder_needed,,,Generated Placeholder,Fishy generated placeholder,Generated Placeholder,Fishy generated placeholder,False,low,Generated illustrative placeholder; not a verified real species photograph.
spotfin-betta_species,Spotfin Betta,Betta macrostoma,species,betta,freshwater,advanced,ai_placeholder_needed,,,Generated Placeholder,Fishy generated placeholder,Generated Placeholder,Fishy generated placeholder,False,low,Generated illustrative placeholder; not a verified real species photograph.
apollo-betta_species,Apollo Betta,Betta apollon,species,betta,freshwater,advanced,ai_placeholder_needed,,,Generated Placeholder,Fishy generated placeholder,Generated Placeholder,Fishy generated placeholder,False,low,Generated illustrative placeholder; not a verified real species photograph.
common-guppy_species,Common Guppy,Poecilia reticulata,species,livebearer,freshwater,beginner,ai_placeholder_needed,,,Generated Placeholder,Fishy generated placeholder,Generated Placeholder,Fishy generated placeholder,False,low,Generated illustrative placeholder; not a verified real species photograph.
endlers-livebearer_species,Endler's Livebearer,Poecilia wingei,species,livebearer,freshwater,beginner,ai_placeholder_needed,,,Generated Placeholder,Fishy generated placeholder,Generated Placeholder,Fishy generated placeholder,False,low,Generated illustrative placeholder; not a verified real species photograph.
full-red-guppy_strain,Full Red Guppy,Poecilia reticulata,strain,livebearer,freshwater,beginner,ai_placeholder_needed,,,Generated Placeholder,Fishy generated placeholder,Generated Placeholder,Fishy generated placeholder,False,low,Generated illustrative placeholder; not a verified real species photograph.
albino-full-red-guppy_strain,Albino Full Red Guppy,Poecilia reticulata,strain,livebearer,freshwater,beginner,ai_placeholder_needed,,,Generated Placeholder,Fishy generated placeholder,Generated Placeholder,Fishy generated placeholder,False,low,Generated illustrative placeholder; not a verified real species photograph.
24k-gold-guppy_strain,24K Gold Guppy,Poecilia reticulata,strain,livebearer,freshwater,beginner,ai_placeholder_needed,,,Generated Placeholder,Fishy generated placeholder,Generated Placeholder,Fishy generated placeholder,False,low,Generated illustrative placeholder; not a verified real species photograph.
blue-grass-guppy_strain,Blue Grass Guppy,Poecilia reticulata,strain,livebearer,freshwater,beginner,ai_placeholder_needed,,,Generated Placeholder,Fishy generated placeholder,Generated Placeholder,Fishy generated placeholder,False,low,Generated illustrative placeholder; not a verified real species photograph.
red-grass-guppy_strain,Red Grass Guppy,Poecilia reticulata,strain,livebearer,freshwater,beginner,ai_placeholder_needed,,,Generated Placeholder,Fishy generated placeholder,Generated Placeholder,Fishy generated placeholder,False,low,Generated illustrative placeholder; not a verified real species photograph.
moscow-blue-guppy_strain,Moscow Blue Guppy,Poecilia reticulata,strain,livebearer,freshwater,beginner,ai_placeholder_needed,,,Generated Placeholder,Fishy generated placeholder,Generated Placeholder,Fishy generated placeholder,False,low,Generated illustrative placeholder; not a verified real species photograph.
moscow-black-guppy_strain,Moscow Black Guppy,Poecilia reticulata,strain,livebearer,freshwater,beginner,ai_placeholder_needed,,,Generated Placeholder,Fishy generated placeholder,Generated Placeholder,Fishy generated placeholder,False,low,Generated illustrative placeholder; not a verified real species photograph.
japan-blue-guppy_strain,Japan Blue Guppy,Poecilia reticulata,strain,livebearer,freshwater,beginner,ai_placeholder_needed,,,Generated Placeholder,Fishy generated placeholder,Generated Placeholder,Fishy generated placeholder,False,low,Generated illustrative placeholder; not a verified real species photograph.
tuxedo-guppy_strain,Tuxedo Guppy,Poecilia reticulata,strain,livebearer,freshwater,beginner,ai_placeholder_needed,,,Generated Placeholder,Fishy generated placeholder,Generated Placeholder,Fishy generated placeholder,False,low,Generated illustrative placeholder; not a verified real species photograph.
half-black-red-guppy_strain,Half Black Red Guppy,Poecilia reticulata,strain,livebearer,freshwater,beginner,ai_placeholder_needed,,,Generated Placeholder,Fishy generated placeholder,Generated Placeholder,Fishy generated placeholder,False,low,Generated illustrative placeholder; not a verified real species photograph.
red-dragon-guppy_strain,Red Dragon Guppy,Poecilia reticulata,strain,livebearer,freshwater,beginner,ai_placeholder_needed,,,Generated Placeholder,Fishy generated placeholder,Generated Placeholder,Fishy generated placeholder,False,low,Generated illustrative placeholder; not a verified real species photograph.
dumbo-ear-guppy_strain,Dumbo Ear Guppy,Poecilia reticulata,strain,livebearer,freshwater,beginner,ai_placeholder_needed,,,Generated Placeholder,Fishy generated placeholder,Generated Placeholder,Fishy generated placeholder,False,low,Generated illustrative placeholder; not a verified real species photograph.
koi-guppy_strain,Koi Guppy,Poecilia reticulata,strain,livebearer,freshwater,beginner,ai_placeholder_needed,,,Generated Placeholder,Fishy generated placeholder,Generated Placeholder,Fishy generated placeholder,False,low,Generated illustrative placeholder; not a verified real species photograph.
snakeskin-guppy_strain,Snakeskin Guppy,Poecilia reticulata,strain,livebearer,freshwater,beginner,ai_placeholder_needed,,,Generated Placeholder,Fishy generated placeholder,Generated Placeholder,Fishy generated placeholder,False,low,Generated illustrative placeholder; not a verified real species photograph.
metal-head-guppy_strain,Metal Head Guppy,Poecilia reticulata,strain,livebearer,freshwater,beginner,ai_placeholder_needed,,,Generated Placeholder,Fishy generated placeholder,Generated Placeholder,Fishy generated placeholder,False,low,Generated illustrative placeholder; not a verified real species photograph.
platinum-white-guppy_strain,Platinum White Guppy,Poecilia reticulata,strain,livebearer,freshwater,beginner,ai_placeholder_needed,,,Generated Placeholder,Fishy generated placeholder,Generated Placeholder,Fishy generated placeholder,False,low,Generated illustrative placeholder; not a verified real species photograph.
black-molly_variety,Black Molly,Poecilia sphenops,variety,livebearer,freshwater,beginner,ai_placeholder_needed,,,Generated Placeholder,Fishy generated placeholder,Generated Placeholder,Fishy generated placeholder,False,low,Generated illustrative placeholder; not a verified real species photograph.
sailfin-molly_species,Sailfin Molly,Poecilia latipinna,species,livebearer,freshwater,beginner,ai_placeholder_needed,,,Generated Placeholder,Fishy generated placeholder,Generated Placeholder,Fishy generated placeholder,False,low,Generated illustrative placeholder; not a verified real species photograph.
giant-sailfin-molly_species,Giant Sailfin Molly,Poecilia velifera,species,livebearer,freshwater,intermediate,licensed_photo,https://upload.wikimedia.org/wikipedia/commons/f/f7/PoeciliaVelifera.jpg,https://upload.wikimedia.org/wikipedia/commons/f/f7/PoeciliaVelifera.jpg,https://commons.wikimedia.org/wiki/File:PoeciliaVelifera.jpg,Wikimedia Commons,CC BY-SA 4.0,Dnoerholm,False,high,Verified CC BY-SA 4.0 via Wikimedia Commons API/file metadata. Species-level image for Poecilia velifera.
balloon-molly_variety,Balloon Molly,Poecilia sphenops,variety,livebearer,freshwater,intermediate,ai_placeholder_needed,,,Generated Placeholder,Fishy generated placeholder,Generated Placeholder,Fishy generated placeholder,False,low,Generated illustrative placeholder; not a verified real species photograph.
dalmatian-molly_variety,Dalmatian Molly,Poecilia latipinna,variety,livebearer,freshwater,beginner,ai_placeholder_needed,,,Generated Placeholder,Fishy generated placeholder,Generated Placeholder,Fishy generated placeholder,False,low,Generated illustrative placeholder; not a verified real species photograph.
lyretail-molly_variety,Lyretail Molly,Poecilia sphenops,variety,livebearer,freshwater,beginner,ai_placeholder_needed,,,Generated Placeholder,Fishy generated placeholder,Generated Placeholder,Fishy generated placeholder,False,low,Generated illustrative placeholder; not a verified real species photograph.
golden-molly_variety,Golden Molly,Poecilia sphenops,variety,livebearer,freshwater,beginner,ai_placeholder_needed,,,Generated Placeholder,Fishy generated placeholder,Generated Placeholder,Fishy generated placeholder,False,low,Generated illustrative placeholder; not a verified real species photograph.
platy_species,Platy,Xiphophorus maculatus,species,livebearer,freshwater,beginner,licensed_photo,https://upload.wikimedia.org/wikipedia/commons/1/1e/Xiphophorus_maculatus.jpg,https://upload.wikimedia.org/wikipedia/commons/1/1e/Xiphophorus_maculatus.jpg,https://commons.wikimedia.org/wiki/File:Xiphophorus_maculatus.jpg,Wikimedia Commons,CC BY 2.0,vxixiv,False,high,Verified CC BY 2.0 on Wikimedia Commons file page.
variatus-platy_species,Variatus Platy,Xiphophorus variatus,species,livebearer,freshwater,beginner,licensed_photo,https://upload.wikimedia.org/wikipedia/commons/0/0b/Xipho_variatus_maschio.jpg,https://upload.wikimedia.org/wikipedia/commons/0/0b/Xipho_variatus_maschio.jpg,https://commons.wikimedia.org/wiki/File:Xipho_variatus_maschio.jpg,Wikimedia Commons,CC BY-SA 3.0,Marrabbio2,False,high,Verified CC BY-SA 3.0 via Wikimedia Commons API/file metadata. Species-level image for Xiphophorus variatus.
mickey-mouse-platy_variety,Mickey Mouse Platy,Xiphophorus maculatus,variety,livebearer,freshwater,beginner,ai_placeholder_needed,,,Generated Placeholder,Fishy generated placeholder,Generated Placeholder,Fishy generated placeholder,False,low,Generated illustrative placeholder; not a verified real species photograph.
sunset-platy_variety,Sunset Platy,Xiphophorus maculatus,variety,livebearer,freshwater,beginner,ai_placeholder_needed,,,Generated Placeholder,Fishy generated placeholder,Generated Placeholder,Fishy generated placeholder,False,low,Generated illustrative placeholder; not a verified real species photograph.
coral-red-platy_variety,Coral Red Platy,Xiphophorus maculatus,variety,livebearer,freshwater,beginner,ai_placeholder_needed,,,Generated Placeholder,Fishy generated placeholder,Generated Placeholder,Fishy generated placeholder,False,low,Generated illustrative placeholder; not a verified real species photograph.
swordtail_species,Swordtail,Xiphophorus hellerii,species,livebearer,freshwater,beginner,licensed_photo,https://upload.wikimedia.org/wikipedia/commons/4/47/Xiphophorus_helleri.jpg,https://upload.wikimedia.org/wikipedia/commons/4/47/Xiphophorus_helleri.jpg,https://commons.wikimedia.org/wiki/File:Xiphophorus_helleri.jpg,Wikimedia Commons,Public Domain,RayKiddy / Tkinias (uploader),False,high,Verified Public Domain. Green swordtail (Xiphophorus helleri is older spelling).
red-swordtail_variety,Red Swordtail,Xiphophorus hellerii,variety,livebearer,freshwater,beginner,ai_placeholder_needed,,,Generated Placeholder,Fishy generated placeholder,Generated Placeholder,Fishy generated placeholder,False,low,Generated illustrative placeholder; not a verified real species photograph.
pineapple-swordtail_variety,Pineapple Swordtail,Xiphophorus hellerii,variety,livebearer,freshwater,beginner,ai_placeholder_needed,,,Generated Placeholder,Fishy generated placeholder,Generated Placeholder,Fishy generated placeholder,False,low,Generated illustrative placeholder; not a verified real species photograph.
hi-fin-swordtail_variety,Hi-fin Swordtail,Xiphophorus hellerii,variety,livebearer,freshwater,beginner,ai_placeholder_needed,,,Generated Placeholder,Fishy generated placeholder,Generated Placeholder,Fishy generated placeholder,False,low,Generated illustrative placeholder; not a verified real species photograph.
freshwater-halfbeak_species,Freshwater Halfbeak,Dermogenys pusilla,species,livebearer,freshwater,intermediate,ai_placeholder_needed,,,Generated Placeholder,Fishy generated placeholder,Generated Placeholder,Fishy generated placeholder,False,low,Generated illustrative placeholder; not a verified real species photograph.
wrestling-halfbeak_species,Wrestling Halfbeak,Hemirhamphodon pogonognathus,species,livebearer,freshwater,advanced,ai_placeholder_needed,,,Generated Placeholder,Fishy generated placeholder,Generated Placeholder,Fishy generated placeholder,False,low,Generated illustrative placeholder; not a verified real species photograph.
dwarf-gourami_species,Dwarf Gourami,Trichogaster lalius,species,gourami,freshwater,beginner,ai_placeholder_needed,,,Generated Placeholder,Fishy generated placeholder,Generated Placeholder,Fishy generated placeholder,False,low,Generated illustrative placeholder; not a verified real species photograph.
powder-blue-dwarf-gourami_variety,Powder Blue Dwarf Gourami,Trichogaster lalius,variety,gourami,freshwater,beginner,ai_placeholder_needed,,,Generated Placeholder,Fishy generated placeholder,Generated Placeholder,Fishy generated placeholder,False,low,Generated illustrative placeholder; not a verified real species photograph.
flame-dwarf-gourami_variety,Flame Dwarf Gourami,Trichogaster lalius,variety,gourami,freshwater,beginner,ai_placeholder_needed,,,Generated Placeholder,Fishy generated placeholder,Generated Placeholder,Fishy generated placeholder,False,low,Generated illustrative placeholder; not a verified real species photograph.
honey-gourami_species,Honey Gourami,Trichogaster chuna,species,gourami,freshwater,beginner,ai_placeholder_needed,,,Generated Placeholder,Fishy generated placeholder,Generated Placeholder,Fishy generated placeholder,False,low,Generated illustrative placeholder; not a verified real species photograph.
pearl-gourami_species,Pearl Gourami,Trichopodus leerii,species,gourami,freshwater,beginner,ai_placeholder_needed,,,Generated Placeholder,Fishy generated placeholder,Generated Placeholder,Fishy generated placeholder,False,low,Generated illustrative placeholder; not a verified real species photograph.
moonlight-gourami_species,Moonlight Gourami,Trichopodus microlepis,species,gourami,freshwater,beginner,ai_placeholder_needed,,,Generated Placeholder,Fishy generated placeholder,Generated Placeholder,Fishy generated placeholder,False,low,Generated illustrative placeholder; not a verified real species photograph.
three-spot-gourami_species,Three Spot Gourami,Trichopodus trichopterus,species,gourami,freshwater,beginner,ai_placeholder_needed,,,Generated Placeholder,Fishy generated placeholder,Generated Placeholder,Fishy generated placeholder,False,low,Generated illustrative placeholder; not a verified real species photograph.
blue-gourami_variety,Blue Gourami,Trichopodus trichopterus,variety,gourami,freshwater,beginner,ai_placeholder_needed,,,Generated Placeholder,Fishy generated placeholder,Generated Placeholder,Fishy generated placeholder,False,low,Generated illustrative placeholder; not a verified real species photograph.
gold-gourami_variety,Gold Gourami,Trichopodus trichopterus,variety,gourami,freshwater,beginner,ai_placeholder_needed,,,Generated Placeholder,Fishy generated placeholder,Generated Placeholder,Fishy generated placeholder,False,low,Generated illustrative placeholder; not a verified real species photograph.
opaline-gourami_variety,Opaline Gourami,Trichopodus trichopterus,variety,gourami,freshwater,beginner,ai_placeholder_needed,,,Generated Placeholder,Fishy generated placeholder,Generated Placeholder,Fishy generated placeholder,False,low,Generated illustrative placeholder; not a verified real species photograph.
snakeskin-gourami_species,Snakeskin Gourami,Trichopodus pectoralis,species,gourami,freshwater,intermediate,ai_placeholder_needed,,,Generated Placeholder,Fishy generated placeholder,Generated Placeholder,Fishy generated placeholder,False,low,Generated illustrative placeholder; not a verified real species photograph.
croaking-gourami_species,Croaking Gourami,Trichopsis vittata,species,gourami,freshwater,beginner,ai_placeholder_needed,,,Generated Placeholder,Fishy generated placeholder,Generated Placeholder,Fishy generated placeholder,False,low,Generated illustrative placeholder; not a verified real species photograph.
sparkling-gourami_species,Sparkling Gourami,Trichopsis pumila,species,gourami,freshwater,beginner,ai_placeholder_needed,,,Generated Placeholder,Fishy generated placeholder,Generated Placeholder,Fishy generated placeholder,False,low,Generated illustrative placeholder; not a verified real species photograph.
giant-gourami_species,Giant Gourami,Osphronemus goramy,species,gourami,freshwater,intermediate,ai_placeholder_needed,,,Generated Placeholder,Fishy generated placeholder,Generated Placeholder,Fishy generated placeholder,False,low,Generated illustrative placeholder; not a verified real species photograph.
chocolate-gourami_species,Chocolate Gourami,Sphaerichthys osphromenoides,species,gourami,freshwater,advanced,ai_placeholder_needed,,,Generated Placeholder,Fishy generated placeholder,Generated Placeholder,Fishy generated placeholder,False,low,Generated illustrative placeholder; not a verified real species photograph.
licorice-gourami_species,Licorice Gourami,Parosphromenus deissneri,species,gourami,freshwater,advanced,ai_placeholder_needed,,,Generated Placeholder,Fishy generated placeholder,Generated Placeholder,Fishy generated placeholder,False,low,Generated illustrative placeholder; not a verified real species photograph.
climbing-perch-puyu_species,Climbing Perch / Puyu,Anabas testudineus,species,gourami,freshwater,intermediate,ai_placeholder_needed,,,Generated Placeholder,Fishy generated placeholder,Generated Placeholder,Fishy generated placeholder,False,low,Generated illustrative placeholder; not a verified real species photograph.
neon-tetra_species,Neon Tetra,Paracheirodon innesi,species,tetra,freshwater,beginner,ai_placeholder_needed,,,Generated Placeholder,Fishy generated placeholder,Generated Placeholder,Fishy generated placeholder,False,low,Generated illustrative placeholder; not a verified real species photograph.
cardinal-tetra_species,Cardinal Tetra,Paracheirodon axelrodi,species,tetra,freshwater,beginner,ai_placeholder_needed,,,Generated Placeholder,Fishy generated placeholder,Generated Placeholder,Fishy generated placeholder,False,low,Generated illustrative placeholder; not a verified real species photograph.
green-neon-tetra_species,Green Neon Tetra,Paracheirodon simulans,species,tetra,freshwater,intermediate,ai_placeholder_needed,,,Generated Placeholder,Fishy generated placeholder,Generated Placeholder,Fishy generated placeholder,False,low,Generated illustrative placeholder; not a verified real species photograph.
black-neon-tetra_species,Black Neon Tetra,Hyphessobrycon herbertaxelrodi,species,tetra,freshwater,beginner,ai_placeholder_needed,,,Generated Placeholder,Fishy generated placeholder,Generated Placeholder,Fishy generated placeholder,False,low,Generated illustrative placeholder; not a verified real species photograph.
ember-tetra_species,Ember Tetra,Hyphessobrycon amandae,species,tetra,freshwater,beginner,ai_placeholder_needed,,,Generated Placeholder,Fishy generated placeholder,Generated Placeholder,Fishy generated placeholder,False,low,Generated illustrative placeholder; not a verified real species photograph.
glowlight-tetra_species,Glowlight Tetra,Hemigrammus erythrozonus,species,tetra,freshwater,beginner,ai_placeholder_needed,,,Generated Placeholder,Fishy generated placeholder,Generated Placeholder,Fishy generated placeholder,False,low,Generated illustrative placeholder; not a verified real species photograph.
rummy-nose-tetra_species,Rummy Nose Tetra,Hemigrammus rhodostomus,species,tetra,freshwater,intermediate,ai_placeholder_needed,,,Generated Placeholder,Fishy generated placeholder,Generated Placeholder,Fishy generated placeholder,False,low,Generated illustrative placeholder; not a verified real species photograph.
brilliant-rummy-nose-tetra_species,Brilliant Rummy Nose Tetra,Hemigrammus bleheri,species,tetra,freshwater,intermediate,ai_placeholder_needed,,,Generated Placeholder,Fishy generated placeholder,Generated Placeholder,Fishy generated placeholder,False,low,Generated illustrative placeholder; not a verified real species photograph.
black-widow-tetra_species,Black Widow Tetra,Gymnocorymbus ternetzi,species,tetra,freshwater,beginner,ai_placeholder_needed,,,Generated Placeholder,Fishy generated placeholder,Generated Placeholder,Fishy generated placeholder,False,low,Generated illustrative placeholder; not a verified real species photograph.
white-skirt-tetra_variety,White Skirt Tetra,Gymnocorymbus ternetzi,variety,tetra,freshwater,beginner,ai_placeholder_needed,,,Generated Placeholder,Fishy generated placeholder,Generated Placeholder,Fishy generated placeholder,False,low,Generated illustrative placeholder; not a verified real species photograph.
serpae-tetra_species,Serpae Tetra,Hyphessobrycon eques,species,tetra,freshwater,beginner,ai_placeholder_needed,,,Generated Placeholder,Fishy generated placeholder,Generated Placeholder,Fishy generated placeholder,False,low,Generated illustrative placeholder; not a verified real species photograph.
lemon-tetra_species,Lemon Tetra,Hyphessobrycon pulchripinnis,species,tetra,freshwater,beginner,ai_placeholder_needed,,,Generated Placeholder,Fishy generated placeholder,Generated Placeholder,Fishy generated placeholder,False,low,Generated illustrative placeholder; not a verified real species photograph.
buenos-aires-tetra_species,Buenos Aires Tetra,Hyphessobrycon anisitsi,species,tetra,freshwater,beginner,ai_placeholder_needed,,,Generated Placeholder,Fishy generated placeholder,Generated Placeholder,Fishy generated placeholder,False,low,Generated illustrative placeholder; not a verified real species photograph.
red-eye-tetra_species,Red Eye Tetra,Moenkhausia sanctaefilomenae,species,tetra,freshwater,beginner,ai_placeholder_needed,,,Generated Placeholder,Fishy generated placeholder,Generated Placeholder,Fishy generated placeholder,False,low,Generated illustrative placeholder; not a verified real species photograph.
diamond-tetra_species,Diamond Tetra,Moenkhausia pittieri,species,tetra,freshwater,beginner,ai_placeholder_needed,,,Generated Placeholder,Fishy generated placeholder,Generated Placeholder,Fishy generated placeholder,False,low,Generated illustrative placeholder; not a verified real species photograph.
emperor-tetra_species,Emperor Tetra,Nematobrycon palmeri,species,tetra,freshwater,beginner,ai_placeholder_needed,,,Generated Placeholder,Fishy generated placeholder,Generated Placeholder,Fishy generated placeholder,False,low,Generated illustrative placeholder; not a verified real species photograph.
black-emperor-tetra_species,Black Emperor Tetra,Nematobrycon amphiloxus,species,tetra,freshwater,intermediate,ai_placeholder_needed,,,Generated Placeholder,Fishy generated placeholder,Generated Placeholder,Fishy generated placeholder,False,low,Generated illustrative placeholder; not a verified real species photograph.
congo-tetra_species,Congo Tetra,Phenacogrammus interruptus,species,tetra,freshwater,intermediate,ai_placeholder_needed,,,Generated Placeholder,Fishy generated placeholder,Generated Placeholder,Fishy generated placeholder,False,low,Generated illustrative placeholder; not a verified real species photograph.
x-ray-tetra_species,X-Ray Tetra,Pristella maxillaris,species,tetra,freshwater,beginner,ai_placeholder_needed,,,Generated Placeholder,Fishy generated placeholder,Generated Placeholder,Fishy generated placeholder,False,low,Generated illustrative placeholder; not a verified real species photograph.
bloodfin-tetra_species,Bloodfin Tetra,Aphyocharax anisitsi,species,tetra,freshwater,beginner,ai_placeholder_needed,,,Generated Placeholder,Fishy generated placeholder,Generated Placeholder,Fishy generated placeholder,False,low,Generated illustrative placeholder; not a verified real species photograph.
silvertip-tetra_species,Silvertip Tetra,Hasemania nana,species,tetra,freshwater,beginner,ai_placeholder_needed,,,Generated Placeholder,Fishy generated placeholder,Generated Placeholder,Fishy generated placeholder,False,low,Generated illustrative placeholder; not a verified real species photograph.
head-and-tail-light-tetra_species,Head and Tail Light Tetra,Hemigrammus ocellifer,species,tetra,freshwater,beginner,ai_placeholder_needed,,,Generated Placeholder,Fishy generated placeholder,Generated Placeholder,Fishy generated placeholder,False,low,Generated illustrative placeholder; not a verified real species photograph.
penguin-tetra_species,Penguin Tetra,Thayeria boehlkei,species,tetra,freshwater,beginner,ai_placeholder_needed,,,Generated Placeholder,Fishy generated placeholder,Generated Placeholder,Fishy generated placeholder,False,low,Generated illustrative placeholder; not a verified real species photograph.
black-phantom-tetra_species,Black Phantom Tetra,Hyphessobrycon megalopterus,species,tetra,freshwater,beginner,ai_placeholder_needed,,,Generated Placeholder,Fishy generated placeholder,Generated Placeholder,Fishy generated placeholder,False,low,Generated illustrative placeholder; not a verified real species photograph.
red-phantom-tetra_species,Red Phantom Tetra,Hyphessobrycon sweglesi,species,tetra,freshwater,beginner,ai_placeholder_needed,,,Generated Placeholder,Fishy generated placeholder,Generated Placeholder,Fishy generated placeholder,False,low,Generated illustrative placeholder; not a verified real species photograph.
bleeding-heart-tetra_species,Bleeding Heart Tetra,Hyphessobrycon erythrostigma,species,tetra,freshwater,intermediate,ai_placeholder_needed,,,Generated Placeholder,Fishy generated placeholder,Generated Placeholder,Fishy generated placeholder,False,low,Generated illustrative placeholder; not a verified real species photograph.
rosy-tetra_species,Rosy Tetra,Hyphessobrycon rosaceus,species,tetra,freshwater,beginner,ai_placeholder_needed,,,Generated Placeholder,Fishy generated placeholder,Generated Placeholder,Fishy generated placeholder,False,low,Generated illustrative placeholder; not a verified real species photograph.
flame-tetra_species,Flame Tetra,Hyphessobrycon flammeus,species,tetra,freshwater,beginner,ai_placeholder_needed,,,Generated Placeholder,Fishy generated placeholder,Generated Placeholder,Fishy generated placeholder,False,low,Generated illustrative placeholder; not a verified real species photograph.
green-fire-tetra_species,Green Fire Tetra,Aphyocharax rathbuni,species,tetra,freshwater,intermediate,ai_placeholder_needed,,,Generated Placeholder,Fishy generated placeholder,Generated Placeholder,Fishy generated placeholder,False,low,Generated illustrative placeholder; not a verified real species photograph.
gold-tetra_species,Gold Tetra,Hemigrammus rodwayi,species,tetra,freshwater,beginner,ai_placeholder_needed,,,Generated Placeholder,Fishy generated placeholder,Generated Placeholder,Fishy generated placeholder,False,low,Generated illustrative placeholder; not a verified real species photograph.
ruby-tetra_species,Ruby Tetra,Axelrodia riesei,species,tetra,freshwater,intermediate,ai_placeholder_needed,,,Generated Placeholder,Fishy generated placeholder,Generated Placeholder,Fishy generated placeholder,False,low,Generated illustrative placeholder; not a verified real species photograph.
cochus-blue-tetra_species,Cochu's Blue Tetra,Boehlkea fredcochui,species,tetra,freshwater,beginner,ai_placeholder_needed,,,Generated Placeholder,Fishy generated placeholder,Generated Placeholder,Fishy generated placeholder,False,low,Generated illustrative placeholder; not a verified real species photograph.
blue-tetra_variety,Blue Tetra,Boehlkea fredcochui,variety,tetra,freshwater,beginner,ai_placeholder_needed,,,Generated Placeholder,Fishy generated placeholder,Generated Placeholder,Fishy generated placeholder,False,low,Generated illustrative placeholder; not a verified real species photograph.
candy-cane-tetra_species,Candy Cane Tetra,Hyphessobrycon bentosi,species,tetra,freshwater,beginner,ai_placeholder_needed,,,Generated Placeholder,Fishy generated placeholder,Generated Placeholder,Fishy generated placeholder,False,low,Generated illustrative placeholder; not a verified real species photograph.
tiger-barb_species,Tiger Barb,Puntigrus tetrazona,species,barb,freshwater,beginner,ai_placeholder_needed,,,Generated Placeholder,Fishy generated placeholder,Generated Placeholder,Fishy generated placeholder,False,low,Generated illustrative placeholder; not a verified real species photograph.
green-tiger-barb_variety,Green Tiger Barb,Puntigrus tetrazona,variety,barb,freshwater,beginner,ai_placeholder_needed,,,Generated Placeholder,Fishy generated placeholder,Generated Placeholder,Fishy generated placeholder,False,low,Generated illustrative placeholder; not a verified real species photograph.
albino-tiger-barb_variety,Albino Tiger Barb,Puntigrus tetrazona,variety,barb,freshwater,beginner,ai_placeholder_needed,,,Generated Placeholder,Fishy generated placeholder,Generated Placeholder,Fishy generated placeholder,False,low,Generated illustrative placeholder; not a verified real species photograph.
cherry-barb_species,Cherry Barb,Puntius titteya,species,barb,freshwater,beginner,ai_placeholder_needed,,,Generated Placeholder,Fishy generated placeholder,Generated Placeholder,Fishy generated placeholder,False,low,Generated illustrative placeholder; not a verified real species photograph.
rosy-barb_species,Rosy Barb,Pethia conchonius,species,barb,freshwater,beginner,ai_placeholder_needed,,,Generated Placeholder,Fishy generated placeholder,Generated Placeholder,Fishy generated placeholder,False,low,Generated illustrative placeholder; not a verified real species photograph.
golden-barb_species,Golden Barb,Pethia semifasciolata,species,barb,freshwater,beginner,ai_placeholder_needed,,,Generated Placeholder,Fishy generated placeholder,Generated Placeholder,Fishy generated placeholder,False,low,Generated illustrative placeholder; not a verified real species photograph.
odessa-barb_species,Odessa Barb,Pethia padamya,species,barb,freshwater,beginner,ai_placeholder_needed,,,Generated Placeholder,Fishy generated placeholder,Generated Placeholder,Fishy generated placeholder,False,low,Generated illustrative placeholder; not a verified real species photograph.
checker-barb_species,Checker Barb,Oliotius oligolepis,species,barb,freshwater,beginner,ai_placeholder_needed,,,Generated Placeholder,Fishy generated placeholder,Generated Placeholder,Fishy generated placeholder,False,low,Generated illustrative placeholder; not a verified real species photograph.
denison-barb_species,Denison Barb,Sahyadria denisonii,species,barb,freshwater,intermediate,ai_placeholder_needed,,,Generated Placeholder,Fishy generated placeholder,Generated Placeholder,Fishy generated placeholder,False,low,Generated illustrative placeholder; not a verified real species photograph.
tinfoil-barb_species,Tinfoil Barb,Barbonymus schwanenfeldii,species,barb,freshwater,intermediate,ai_placeholder_needed,,,Generated Placeholder,Fishy generated placeholder,Generated Placeholder,Fishy generated placeholder,False,low,Generated illustrative placeholder; not a verified real species photograph.
red-tail-tinfoil-barb_variety,Red-tail Tinfoil Barb,Barbonymus schwanenfeldii,variety,barb,freshwater,intermediate,ai_placeholder_needed,,,Generated Placeholder,Fishy generated placeholder,Generated Placeholder,Fishy generated placeholder,False,low,Generated illustrative placeholder; not a verified real species photograph.
bala-shark_species,Bala Shark,Balantiocheilos melanopterus,species,barb,freshwater,intermediate,ai_placeholder_needed,,,Generated Placeholder,Fishy generated placeholder,Generated Placeholder,Fishy generated placeholder,False,low,Generated illustrative placeholder; not a verified real species photograph.
rainbow-shark_species,Rainbow Shark,Epalzeorhynchos frenatum,species,barb,freshwater,beginner,ai_placeholder_needed,,,Generated Placeholder,Fishy generated placeholder,Generated Placeholder,Fishy generated placeholder,False,low,Generated illustrative placeholder; not a verified real species photograph.
red-tail-black-shark_species,Red Tail Black Shark,Epalzeorhynchos bicolor,species,barb,freshwater,intermediate,ai_placeholder_needed,,,Generated Placeholder,Fishy generated placeholder,Generated Placeholder,Fishy generated placeholder,False,low,Generated illustrative placeholder; not a verified real species photograph.
flying-fox_species,Flying Fox,Epalzeorhynchos kalopterus,species,barb,freshwater,beginner,ai_placeholder_needed,,,Generated Placeholder,Fishy generated placeholder,Generated Placeholder,Fishy generated placeholder,False,low,Generated illustrative placeholder; not a verified real species photograph.
siamese-algae-eater_species,Siamese Algae Eater,Crossocheilus oblongus,species,barb,freshwater,beginner,ai_placeholder_needed,,,Generated Placeholder,Fishy generated placeholder,Generated Placeholder,Fishy generated placeholder,False,low,Generated illustrative placeholder; not a verified real species photograph.
chinese-algae-eater_species,Chinese Algae Eater,Gyrinocheilus aymonieri,species,barb,freshwater,intermediate,ai_placeholder_needed,,,Generated Placeholder,Fishy generated placeholder,Generated Placeholder,Fishy generated placeholder,False,low,Generated illustrative placeholder; not a verified real species photograph.
spanner-barb_species,Spanner Barb,Puntius lateristriga,species,barb,freshwater,intermediate,ai_placeholder_needed,,,Generated Placeholder,Fishy generated placeholder,Generated Placeholder,Fishy generated placeholder,False,low,Generated illustrative placeholder; not a verified real species photograph.
lampam_species,Lampam,Barbonymus gonionotus,species,barb,freshwater,beginner,ai_placeholder_needed,,,Generated Placeholder,Fishy generated placeholder,Generated Placeholder,Fishy generated placeholder,False,low,Generated illustrative placeholder; not a verified real species photograph.
tengas_species,Tengas,Cyclocheilichthys apogon,species,barb,freshwater,advanced,ai_placeholder_needed,,,Generated Placeholder,Fishy generated placeholder,Generated Placeholder,Fishy generated placeholder,False,low,Generated illustrative placeholder; not a verified real species photograph.
kelah-malaysian-mahseer_species,Kelah / Malaysian Mahseer,Tor tambroides,species,barb,freshwater,advanced,ai_placeholder_needed,,,Generated Placeholder,Fishy generated placeholder,Generated Placeholder,Fishy generated placeholder,False,low,Generated illustrative placeholder; not a verified real species photograph.
sebarau-hampala-barb_species,Sebarau / Hampala Barb,Hampala macrolepidota,species,barb,freshwater,advanced,ai_placeholder_needed,,,Generated Placeholder,Fishy generated placeholder,Generated Placeholder,Fishy generated placeholder,False,low,Generated illustrative placeholder; not a verified real species photograph.
silver-sharkminnow_species,Silver Sharkminnow,Luciosoma bleekeri,species,barb,freshwater,advanced,ai_placeholder_needed,,,Generated Placeholder,Fishy generated placeholder,Generated Placeholder,Fishy generated placeholder,False,low,Generated illustrative placeholder; not a verified real species photograph.
harlequin-rasbora_species,Harlequin Rasbora,Trigonostigma heteromorpha,species,rasbora,freshwater,beginner,ai_placeholder_needed,,,Generated Placeholder,Fishy generated placeholder,Generated Placeholder,Fishy generated placeholder,False,low,Generated illustrative placeholder; not a verified real species photograph.
lambchop-rasbora_species,Lambchop Rasbora,Trigonostigma espei,species,rasbora,freshwater,beginner,ai_placeholder_needed,,,Generated Placeholder,Fishy generated placeholder,Generated Placeholder,Fishy generated placeholder,False,low,Generated illustrative placeholder; not a verified real species photograph.
glowlight-rasbora_species,Glowlight Rasbora,Trigonostigma hengeli,species,rasbora,freshwater,beginner,ai_placeholder_needed,,,Generated Placeholder,Fishy generated placeholder,Generated Placeholder,Fishy generated placeholder,False,low,Generated illustrative placeholder; not a verified real species photograph.
chili-rasbora_species,Chili Rasbora,Boraras brigittae,species,rasbora,freshwater,beginner,ai_placeholder_needed,,,Generated Placeholder,Fishy generated placeholder,Generated Placeholder,Fishy generated placeholder,False,low,Generated illustrative placeholder; not a verified real species photograph.
phoenix-rasbora_species,Phoenix Rasbora,Boraras merah,species,rasbora,freshwater,beginner,ai_placeholder_needed,,,Generated Placeholder,Fishy generated placeholder,Generated Placeholder,Fishy generated placeholder,False,low,Generated illustrative placeholder; not a verified real species photograph.
dwarf-rasbora_species,Dwarf Rasbora,Boraras maculatus,species,rasbora,freshwater,beginner,ai_placeholder_needed,,,Generated Placeholder,Fishy generated placeholder,Generated Placeholder,Fishy generated placeholder,False,low,Generated illustrative placeholder; not a verified real species photograph.
strawberry-rasbora_species,Strawberry Rasbora,Boraras naevus,species,rasbora,freshwater,beginner,ai_placeholder_needed,,,Generated Placeholder,Fishy generated placeholder,Generated Placeholder,Fishy generated placeholder,False,low,Generated illustrative placeholder; not a verified real species photograph.
scissortail-rasbora_species,Scissortail Rasbora,Rasbora trilineata,species,rasbora,freshwater,beginner,ai_placeholder_needed,,,Generated Placeholder,Fishy generated placeholder,Generated Placeholder,Fishy generated placeholder,False,low,Generated illustrative placeholder; not a verified real species photograph.
brilliant-rasbora_species,Brilliant Rasbora,Rasbora einthovenii,species,rasbora,freshwater,intermediate,ai_placeholder_needed,,,Generated Placeholder,Fishy generated placeholder,Generated Placeholder,Fishy generated placeholder,False,low,Generated illustrative placeholder; not a verified real species photograph.
clown-rasbora_species,Clown Rasbora,Rasbora kalochroma,species,rasbora,freshwater,intermediate,ai_placeholder_needed,,,Generated Placeholder,Fishy generated placeholder,Generated Placeholder,Fishy generated placeholder,False,low,Generated illustrative placeholder; not a verified real species photograph.
red-tailed-rasbora_species,Red-tailed Rasbora,Rasbora borapetensis,species,rasbora,freshwater,beginner,ai_placeholder_needed,,,Generated Placeholder,Fishy generated placeholder,Generated Placeholder,Fishy generated placeholder,False,low,Generated illustrative placeholder; not a verified real species photograph.
emerald-dwarf-rasbora_species,Emerald Dwarf Rasbora,Microdevario kubotai,species,rasbora,freshwater,beginner,ai_placeholder_needed,,,Generated Placeholder,Fishy generated placeholder,Generated Placeholder,Fishy generated placeholder,False,low,Generated illustrative placeholder; not a verified real species photograph.
celestial-pearl-danio_species,Celestial Pearl Danio,Danio margaritatus,species,rasbora,freshwater,beginner,ai_placeholder_needed,,,Generated Placeholder,Fishy generated placeholder,Generated Placeholder,Fishy generated placeholder,False,low,Generated illustrative placeholder; not a verified real species photograph.
zebra-danio_species,Zebra Danio,Danio rerio,species,rasbora,freshwater,beginner,ai_placeholder_needed,,,Generated Placeholder,Fishy generated placeholder,Generated Placeholder,Fishy generated placeholder,False,low,Generated illustrative placeholder; not a verified real species photograph.
leopard-danio_variety,Leopard Danio,Danio rerio,variety,rasbora,freshwater,beginner,ai_placeholder_needed,,,Generated Placeholder,Fishy generated placeholder,Generated Placeholder,Fishy generated placeholder,False,low,Generated illustrative placeholder; not a verified real species photograph.
pearl-danio_species,Pearl Danio,Danio albolineatus,species,rasbora,freshwater,beginner,ai_placeholder_needed,,,Generated Placeholder,Fishy generated placeholder,Generated Placeholder,Fishy generated placeholder,False,low,Generated illustrative placeholder; not a verified real species photograph.
giant-danio_species,Giant Danio,Devario aequipinnatus,species,rasbora,freshwater,beginner,ai_placeholder_needed,,,Generated Placeholder,Fishy generated placeholder,Generated Placeholder,Fishy generated placeholder,False,low,Generated illustrative placeholder; not a verified real species photograph.
glowlight-danio_species,Glowlight Danio,Danio choprai,species,rasbora,freshwater,beginner,ai_placeholder_needed,,,Generated Placeholder,Fishy generated placeholder,Generated Placeholder,Fishy generated placeholder,False,low,Generated illustrative placeholder; not a verified real species photograph.
medaka_species,Medaka,Oryzias latipes,species,rasbora,freshwater,beginner,ai_placeholder_needed,,,Generated Placeholder,Fishy generated placeholder,Generated Placeholder,Fishy generated placeholder,False,low,Generated illustrative placeholder; not a verified real species photograph.
platinum-medaka_variety,Platinum Medaka,Oryzias latipes,variety,rasbora,freshwater,beginner,ai_placeholder_needed,,,Generated Placeholder,Fishy generated placeholder,Generated Placeholder,Fishy generated placeholder,False,low,Generated illustrative placeholder; not a verified real species photograph.
black-medaka_variety,Black Medaka,Oryzias latipes,variety,rasbora,freshwater,beginner,ai_placeholder_needed,,,Generated Placeholder,Fishy generated placeholder,Generated Placeholder,Fishy generated placeholder,False,low,Generated illustrative placeholder; not a verified real species photograph.
gold-white-cloud-mountain-minnow_variety,Gold White Cloud Mountain Minnow,Tanichthys albonubes,variety,rasbora,freshwater,beginner,ai_placeholder_needed,,,Generated Placeholder,Fishy generated placeholder,Generated Placeholder,Fishy generated placeholder,False,low,Generated illustrative placeholder; not a verified real species photograph.
white-cloud-mountain-minnow_species,White Cloud Mountain Minnow,Tanichthys albonubes,species,rasbora,freshwater,beginner,ai_placeholder_needed,,,Generated Placeholder,Fishy generated placeholder,Generated Placeholder,Fishy generated placeholder,False,low,Generated illustrative placeholder; not a verified real species photograph.
daisys-ricefish_species,Daisy's Ricefish,Oryzias woworae,species,rasbora,freshwater,beginner,ai_placeholder_needed,,,Generated Placeholder,Fishy generated placeholder,Generated Placeholder,Fishy generated placeholder,False,low,Generated illustrative placeholder; not a verified real species photograph.
angelfish_species,Angelfish,Pterophyllum scalare,species,angelfish,freshwater,beginner,ai_placeholder_needed,,,Generated Placeholder,Fishy generated placeholder,Generated Placeholder,Fishy generated placeholder,False,low,Generated illustrative placeholder; not a verified real species photograph.
altum-angelfish_species,Altum Angelfish,Pterophyllum altum,species,angelfish,freshwater,advanced,ai_placeholder_needed,,,Generated Placeholder,Fishy generated placeholder,Generated Placeholder,Fishy generated placeholder,False,low,Generated illustrative placeholder; not a verified real species photograph.
discus_species,Discus,Symphysodon aequifasciatus,species,discus,freshwater,advanced,ai_placeholder_needed,,,Generated Placeholder,Fishy generated placeholder,Generated Placeholder,Fishy generated placeholder,False,low,Generated illustrative placeholder; not a verified real species photograph.
blue-diamond-discus_variety,Blue Diamond Discus,Symphysodon aequifasciatus,variety,discus,freshwater,advanced,ai_placeholder_needed,,,Generated Placeholder,Fishy generated placeholder,Generated Placeholder,Fishy generated placeholder,False,low,Generated illustrative placeholder; not a verified real species photograph.
pigeon-blood-discus_variety,Pigeon Blood Discus,Symphysodon aequifasciatus,variety,discus,freshwater,advanced,ai_placeholder_needed,,,Generated Placeholder,Fishy generated placeholder,Generated Placeholder,Fishy generated placeholder,False,low,Generated illustrative placeholder; not a verified real species photograph.
red-melon-discus_variety,Red Melon Discus,Symphysodon aequifasciatus,variety,discus,freshwater,advanced,ai_placeholder_needed,,,Generated Placeholder,Fishy generated placeholder,Generated Placeholder,Fishy generated placeholder,False,low,Generated illustrative placeholder; not a verified real species photograph.
german-blue-ram_species,German Blue Ram,Mikrogeophagus ramirezi,species,cichlid,freshwater,intermediate,ai_placeholder_needed,,,Generated Placeholder,Fishy generated placeholder,Generated Placeholder,Fishy generated placeholder,False,low,Generated illustrative placeholder; not a verified real species photograph.
bolivian-ram_species,Bolivian Ram,Mikrogeophagus altispinosus,species,cichlid,freshwater,beginner,ai_placeholder_needed,,,Generated Placeholder,Fishy generated placeholder,Generated Placeholder,Fishy generated placeholder,False,low,Generated illustrative placeholder; not a verified real species photograph.
apistogramma-cacatuoides_species,Apistogramma cacatuoides,Apistogramma cacatuoides,species,cichlid,freshwater,intermediate,ai_placeholder_needed,,,Generated Placeholder,Fishy generated placeholder,Generated Placeholder,Fishy generated placeholder,False,low,Generated illustrative placeholder; not a verified real species photograph.
apistogramma-agassizii_species,Apistogramma agassizii,Apistogramma agassizii,species,cichlid,freshwater,intermediate,ai_placeholder_needed,,,Generated Placeholder,Fishy generated placeholder,Generated Placeholder,Fishy generated placeholder,False,low,Generated illustrative placeholder; not a verified real species photograph.
apistogramma-borellii_species,Apistogramma borellii,Apistogramma borellii,species,cichlid,freshwater,intermediate,ai_placeholder_needed,,,Generated Placeholder,Fishy generated placeholder,Generated Placeholder,Fishy generated placeholder,False,low,Generated illustrative placeholder; not a verified real species photograph.
kribensis_species,Kribensis,Pelvicachromis pulcher,species,cichlid,freshwater,beginner,ai_placeholder_needed,,,Generated Placeholder,Fishy generated placeholder,Generated Placeholder,Fishy generated placeholder,False,low,Generated illustrative placeholder; not a verified real species photograph.
oscar_species,Oscar,Astronotus ocellatus,species,cichlid,freshwater,intermediate,ai_placeholder_needed,,,Generated Placeholder,Fishy generated placeholder,Generated Placeholder,Fishy generated placeholder,False,low,Generated illustrative placeholder; not a verified real species photograph.
albino-oscar_variety,Albino Oscar,Astronotus ocellatus,variety,cichlid,freshwater,intermediate,ai_placeholder_needed,,,Generated Placeholder,Fishy generated placeholder,Generated Placeholder,Fishy generated placeholder,False,low,Generated illustrative placeholder; not a verified real species photograph.
tiger-oscar_variety,Tiger Oscar,Astronotus ocellatus,variety,cichlid,freshwater,intermediate,ai_placeholder_needed,,,Generated Placeholder,Fishy generated placeholder,Generated Placeholder,Fishy generated placeholder,False,low,Generated illustrative placeholder; not a verified real species photograph.
flowerhorn_hybrid,Flowerhorn,,hybrid,cichlid,freshwater,intermediate,ai_placeholder_needed,,,Generated Placeholder,Fishy generated placeholder,Generated Placeholder,Fishy generated placeholder,False,low,Generated illustrative placeholder; not a verified real species photograph.
blood-parrot-cichlid_hybrid,Blood Parrot Cichlid,,hybrid,cichlid,freshwater,intermediate,ai_placeholder_needed,,,Generated Placeholder,Fishy generated placeholder,Generated Placeholder,Fishy generated placeholder,False,low,Generated illustrative placeholder; not a verified real species photograph.
severum_species,Severum,Heros efasciatus,species,cichlid,freshwater,intermediate,ai_placeholder_needed,,,Generated Placeholder,Fishy generated placeholder,Generated Placeholder,Fishy generated placeholder,False,low,Generated illustrative placeholder; not a verified real species photograph.
green-terror_species,Green Terror,Andinoacara rivulatus,species,cichlid,freshwater,intermediate,ai_placeholder_needed,,,Generated Placeholder,Fishy generated placeholder,Generated Placeholder,Fishy generated placeholder,False,low,Generated illustrative placeholder; not a verified real species photograph.
jack-dempsey_species,Jack Dempsey,Rocio octofasciata,species,cichlid,freshwater,intermediate,ai_placeholder_needed,,,Generated Placeholder,Fishy generated placeholder,Generated Placeholder,Fishy generated placeholder,False,low,Generated illustrative placeholder; not a verified real species photograph.
electric-blue-jack-dempsey_variety,Electric Blue Jack Dempsey,Rocio octofasciata,variety,cichlid,freshwater,intermediate,ai_placeholder_needed,,,Generated Placeholder,Fishy generated placeholder,Generated Placeholder,Fishy generated placeholder,False,low,Generated illustrative placeholder; not a verified real species photograph.
firemouth-cichlid_species,Firemouth Cichlid,Thorichthys meeki,species,cichlid,freshwater,beginner,ai_placeholder_needed,,,Generated Placeholder,Fishy generated placeholder,Generated Placeholder,Fishy generated placeholder,False,low,Generated illustrative placeholder; not a verified real species photograph.
convict-cichlid_species,Convict Cichlid,Amatitlania nigrofasciata,species,cichlid,freshwater,beginner,ai_placeholder_needed,,,Generated Placeholder,Fishy generated placeholder,Generated Placeholder,Fishy generated placeholder,False,low,Generated illustrative placeholder; not a verified real species photograph.
texas-cichlid_species,Texas Cichlid,Herichthys cyanoguttatus,species,cichlid,freshwater,intermediate,ai_placeholder_needed,,,Generated Placeholder,Fishy generated placeholder,Generated Placeholder,Fishy generated placeholder,False,low,Generated illustrative placeholder; not a verified real species photograph.
jewel-cichlid_species,Jewel Cichlid,Hemichromis bimaculatus,species,cichlid,freshwater,intermediate,ai_placeholder_needed,,,Generated Placeholder,Fishy generated placeholder,Generated Placeholder,Fishy generated placeholder,False,low,Generated illustrative placeholder; not a verified real species photograph.
frontosa_species,Frontosa,Cyphotilapia frontosa,species,cichlid,freshwater,intermediate,ai_placeholder_needed,,,Generated Placeholder,Fishy generated placeholder,Generated Placeholder,Fishy generated placeholder,False,low,Generated illustrative placeholder; not a verified real species photograph.
yellow-lab-cichlid_species,Yellow Lab Cichlid,Labidochromis caeruleus,species,cichlid,freshwater,beginner,ai_placeholder_needed,,,Generated Placeholder,Fishy generated placeholder,Generated Placeholder,Fishy generated placeholder,False,low,Generated illustrative placeholder; not a verified real species photograph.
electric-blue-hap_species,Electric Blue Hap,Sciaenochromis fryeri,species,cichlid,freshwater,intermediate,ai_placeholder_needed,,,Generated Placeholder,Fishy generated placeholder,Generated Placeholder,Fishy generated placeholder,False,low,Generated illustrative placeholder; not a verified real species photograph.
red-zebra-cichlid_species,Red Zebra Cichlid,Maylandia estherae,species,cichlid,freshwater,intermediate,ai_placeholder_needed,,,Generated Placeholder,Fishy generated placeholder,Generated Placeholder,Fishy generated placeholder,False,low,Generated illustrative placeholder; not a verified real species photograph.
demasoni-cichlid_species,Demasoni Cichlid,Chindongo demasoni,species,cichlid,freshwater,intermediate,ai_placeholder_needed,,,Generated Placeholder,Fishy generated placeholder,Generated Placeholder,Fishy generated placeholder,False,low,Generated illustrative placeholder; not a verified real species photograph.
peacock-cichlid_species,Peacock Cichlid,Aulonocara sp.,species,cichlid,freshwater,intermediate,ai_placeholder_needed,,,Generated Placeholder,Fishy generated placeholder,Generated Placeholder,Fishy generated placeholder,False,low,Generated illustrative placeholder; not a verified real species photograph.
bronze-corydoras_species,Bronze Corydoras,Corydoras aeneus,species,catfish,freshwater,beginner,ai_placeholder_needed,,,Generated Placeholder,Fishy generated placeholder,Generated Placeholder,Fishy generated placeholder,False,low,Generated illustrative placeholder; not a verified real species photograph.
albino-corydoras_variety,Albino Corydoras,Corydoras aeneus,variety,catfish,freshwater,beginner,ai_placeholder_needed,,,Generated Placeholder,Fishy generated placeholder,Generated Placeholder,Fishy generated placeholder,False,low,Generated illustrative placeholder; not a verified real species photograph.
peppered-corydoras_species,Peppered Corydoras,Corydoras paleatus,species,catfish,freshwater,beginner,ai_placeholder_needed,,,Generated Placeholder,Fishy generated placeholder,Generated Placeholder,Fishy generated placeholder,False,low,Generated illustrative placeholder; not a verified real species photograph.
panda-corydoras_species,Panda Corydoras,Corydoras panda,species,catfish,freshwater,beginner,ai_placeholder_needed,,,Generated Placeholder,Fishy generated placeholder,Generated Placeholder,Fishy generated placeholder,False,low,Generated illustrative placeholder; not a verified real species photograph.
sterbai-corydoras_species,Sterbai Corydoras,Corydoras sterbai,species,catfish,freshwater,beginner,ai_placeholder_needed,,,Generated Placeholder,Fishy generated placeholder,Generated Placeholder,Fishy generated placeholder,False,low,Generated illustrative placeholder; not a verified real species photograph.
julii-corydoras_species,Julii Corydoras,Corydoras julii,species,catfish,freshwater,intermediate,ai_placeholder_needed,,,Generated Placeholder,Fishy generated placeholder,Generated Placeholder,Fishy generated placeholder,False,low,Generated illustrative placeholder; not a verified real species photograph.
three-line-corydoras_species,Three-line Corydoras,Corydoras trilineatus,species,catfish,freshwater,beginner,ai_placeholder_needed,,,Generated Placeholder,Fishy generated placeholder,Generated Placeholder,Fishy generated placeholder,False,low,Generated illustrative placeholder; not a verified real species photograph.
pygmy-corydoras_species,Pygmy Corydoras,Corydoras pygmaeus,species,catfish,freshwater,beginner,ai_placeholder_needed,,,Generated Placeholder,Fishy generated placeholder,Generated Placeholder,Fishy generated placeholder,False,low,Generated illustrative placeholder; not a verified real species photograph.
salt-and-pepper-corydoras_species,Salt and Pepper Corydoras,Corydoras habrosus,species,catfish,freshwater,beginner,ai_placeholder_needed,,,Generated Placeholder,Fishy generated placeholder,Generated Placeholder,Fishy generated placeholder,False,low,Generated illustrative placeholder; not a verified real species photograph.
skunk-corydoras_species,Skunk Corydoras,Corydoras arcuatus,species,catfish,freshwater,intermediate,ai_placeholder_needed,,,Generated Placeholder,Fishy generated placeholder,Generated Placeholder,Fishy generated placeholder,False,low,Generated illustrative placeholder; not a verified real species photograph.
adolfos-corydoras_species,Adolfo's Corydoras,Corydoras adolfoi,species,catfish,freshwater,intermediate,ai_placeholder_needed,,,Generated Placeholder,Fishy generated placeholder,Generated Placeholder,Fishy generated placeholder,False,low,Generated illustrative placeholder; not a verified real species photograph.
orange-venezuelan-corydoras_species,Orange Venezuelan Corydoras,Corydoras venezuelanus,species,catfish,freshwater,beginner,ai_placeholder_needed,,,Generated Placeholder,Fishy generated placeholder,Generated Placeholder,Fishy generated placeholder,False,low,Generated illustrative placeholder; not a verified real species photograph.
otocinclus-catfish_species,Otocinclus Catfish,Otocinclus affinis,species,catfish,freshwater,intermediate,ai_placeholder_needed,,,Generated Placeholder,Fishy generated placeholder,Generated Placeholder,Fishy generated placeholder,False,low,Generated illustrative placeholder; not a verified real species photograph.
glass-catfish_species,Glass Catfish,Kryptopterus vitreolus,species,catfish,freshwater,intermediate,ai_placeholder_needed,,,Generated Placeholder,Fishy generated placeholder,Generated Placeholder,Fishy generated placeholder,False,low,Generated illustrative placeholder; not a verified real species photograph.
pictus-catfish_species,Pictus Catfish,Pimelodus pictus,species,catfish,freshwater,intermediate,ai_placeholder_needed,,,Generated Placeholder,Fishy generated placeholder,Generated Placeholder,Fishy generated placeholder,False,low,Generated illustrative placeholder; not a verified real species photograph.
redtail-catfish_species,Redtail Catfish,Phractocephalus hemioliopterus,species,catfish,freshwater,advanced,ai_placeholder_needed,,,Generated Placeholder,Fishy generated placeholder,Generated Placeholder,Fishy generated placeholder,False,low,Generated illustrative placeholder; not a verified real species photograph.
tiger-shovelnose-catfish_species,Tiger Shovelnose Catfish,Pseudoplatystoma tigrinum,species,catfish,freshwater,advanced,ai_placeholder_needed,,,Generated Placeholder,Fishy generated placeholder,Generated Placeholder,Fishy generated placeholder,False,low,Generated illustrative placeholder; not a verified real species photograph.
iridescent-shark-catfish_species,Iridescent Shark Catfish,Pangasianodon hypophthalmus,species,catfish,freshwater,advanced,ai_placeholder_needed,,,Generated Placeholder,Fishy generated placeholder,Generated Placeholder,Fishy generated placeholder,False,low,Generated illustrative placeholder; not a verified real species photograph.
upside-down-catfish_species,Upside-down Catfish,Synodontis nigriventris,species,catfish,freshwater,beginner,ai_placeholder_needed,,,Generated Placeholder,Fishy generated placeholder,Generated Placeholder,Fishy generated placeholder,False,low,Generated illustrative placeholder; not a verified real species photograph.
featherfin-synodontis_species,Featherfin Synodontis,Synodontis eupterus,species,catfish,freshwater,intermediate,ai_placeholder_needed,,,Generated Placeholder,Fishy generated placeholder,Generated Placeholder,Fishy generated placeholder,False,low,Generated illustrative placeholder; not a verified real species photograph.
bristlenose-pleco_species,Bristlenose Pleco,Ancistrus cirrhosus,species,pleco,freshwater,beginner,ai_placeholder_needed,,,Generated Placeholder,Fishy generated placeholder,Generated Placeholder,Fishy generated placeholder,False,low,Generated illustrative placeholder; not a verified real species photograph.
albino-bristlenose-pleco_variety,Albino Bristlenose Pleco,Ancistrus cirrhosus,variety,pleco,freshwater,beginner,ai_placeholder_needed,,,Generated Placeholder,Fishy generated placeholder,Generated Placeholder,Fishy generated placeholder,False,low,Generated illustrative placeholder; not a verified real species photograph.
super-red-bristlenose-pleco_variety,Super Red Bristlenose Pleco,Ancistrus cirrhosus,variety,pleco,freshwater,beginner,ai_placeholder_needed,,,Generated Placeholder,Fishy generated placeholder,Generated Placeholder,Fishy generated placeholder,False,low,Generated illustrative placeholder; not a verified real species photograph.
longfin-bristlenose-pleco_variety,Longfin Bristlenose Pleco,Ancistrus cirrhosus,variety,pleco,freshwater,beginner,ai_placeholder_needed,,,Generated Placeholder,Fishy generated placeholder,Generated Placeholder,Fishy generated placeholder,False,low,Generated illustrative placeholder; not a verified real species photograph.
common-pleco_species,Common Pleco,Hypostomus plecostomus,species,pleco,freshwater,intermediate,ai_placeholder_needed,,,Generated Placeholder,Fishy generated placeholder,Generated Placeholder,Fishy generated placeholder,False,low,Generated illustrative placeholder; not a verified real species photograph.
sailfin-pleco_species,Sailfin Pleco,Pterygoplichthys gibbiceps,species,pleco,freshwater,intermediate,ai_placeholder_needed,,,Generated Placeholder,Fishy generated placeholder,Generated Placeholder,Fishy generated placeholder,False,low,Generated illustrative placeholder; not a verified real species photograph.
clown-pleco_species,Clown Pleco,Panaqolus maccus,species,pleco,freshwater,beginner,ai_placeholder_needed,,,Generated Placeholder,Fishy generated placeholder,Generated Placeholder,Fishy generated placeholder,False,low,Generated illustrative placeholder; not a verified real species photograph.
rubber-lip-pleco_species,Rubber Lip Pleco,Chaetostoma milesi,species,pleco,freshwater,intermediate,ai_placeholder_needed,,,Generated Placeholder,Fishy generated placeholder,Generated Placeholder,Fishy generated placeholder,False,low,Generated illustrative placeholder; not a verified real species photograph.
zebra-pleco_species,Zebra Pleco,Hypancistrus zebra,species,pleco,freshwater,advanced,ai_placeholder_needed,,,Generated Placeholder,Fishy generated placeholder,Generated Placeholder,Fishy generated placeholder,False,low,Generated illustrative placeholder; not a verified real species photograph.
gold-nugget-pleco_species,Gold Nugget Pleco,Baryancistrus xanthellus,species,pleco,freshwater,advanced,ai_placeholder_needed,,,Generated Placeholder,Fishy generated placeholder,Generated Placeholder,Fishy generated placeholder,False,low,Generated illustrative placeholder; not a verified real species photograph.
blue-phantom-pleco_species,Blue Phantom Pleco,Hemiancistrus sp.,species,pleco,freshwater,intermediate,ai_placeholder_needed,,,Generated Placeholder,Fishy generated placeholder,Generated Placeholder,Fishy generated placeholder,False,low,Generated illustrative placeholder; not a verified real species photograph.
green-phantom-pleco_species,Green Phantom Pleco,Hemiancistrus subviridis,species,pleco,freshwater,intermediate,ai_placeholder_needed,,,Generated Placeholder,Fishy generated placeholder,Generated Placeholder,Fishy generated placeholder,False,low,Generated illustrative placeholder; not a verified real species photograph.
royal-pleco_species,Royal Pleco,Panaque nigrolineatus,species,pleco,freshwater,intermediate,ai_placeholder_needed,,,Generated Placeholder,Fishy generated placeholder,Generated Placeholder,Fishy generated placeholder,False,low,Generated illustrative placeholder; not a verified real species photograph.
snowball-pleco_species,Snowball Pleco,Hypancistrus inspector,species,pleco,freshwater,intermediate,ai_placeholder_needed,,,Generated Placeholder,Fishy generated placeholder,Generated Placeholder,Fishy generated placeholder,False,low,Generated illustrative placeholder; not a verified real species photograph.
clown-loach_species,Clown Loach,Chromobotia macracanthus,species,loach,freshwater,intermediate,ai_placeholder_needed,,,Generated Placeholder,Fishy generated placeholder,Generated Placeholder,Fishy generated placeholder,False,low,Generated illustrative placeholder; not a verified real species photograph.
kuhli-loach_species,Kuhli Loach,Pangio kuhlii,species,loach,freshwater,beginner,licensed_photo,https://upload.wikimedia.org/wikipedia/commons/d/df/Kuhli_loach_in_aquarium.jpg,https://upload.wikimedia.org/wikipedia/commons/d/df/Kuhli_loach_in_aquarium.jpg,https://commons.wikimedia.org/wiki/File:Kuhli_loach_in_aquarium.jpg,Wikimedia Commons,CC BY-SA 4.0,Iidkk,False,high,Verified CC BY-SA 4.0 on Wikimedia Commons file page.
black-kuhli-loach_species,Black Kuhli Loach,Pangio oblonga,species,loach,freshwater,beginner,ai_placeholder_needed,,,Generated Placeholder,Fishy generated placeholder,Generated Placeholder,Fishy generated placeholder,False,low,Generated illustrative placeholder; not a verified real species photograph.
zebra-loach_species,Zebra Loach,Botia striata,species,loach,freshwater,beginner,ai_placeholder_needed,,,Generated Placeholder,Fishy generated placeholder,Generated Placeholder,Fishy generated placeholder,False,low,Generated illustrative placeholder; not a verified real species photograph.
yoyo-loach_species,Yoyo Loach,Botia almorhae,species,loach,freshwater,beginner,ai_placeholder_needed,,,Generated Placeholder,Fishy generated placeholder,Generated Placeholder,Fishy generated placeholder,False,low,Generated illustrative placeholder; not a verified real species photograph.
dwarf-chain-loach_species,Dwarf Chain Loach,Ambastaia sidthimunki,species,loach,freshwater,intermediate,ai_placeholder_needed,,,Generated Placeholder,Fishy generated placeholder,Generated Placeholder,Fishy generated placeholder,False,low,Generated illustrative placeholder; not a verified real species photograph.
skunk-loach_species,Skunk Loach,Yasuhikotakia morleti,species,loach,freshwater,intermediate,ai_placeholder_needed,,,Generated Placeholder,Fishy generated placeholder,Generated Placeholder,Fishy generated placeholder,False,low,Generated illustrative placeholder; not a verified real species photograph.
hillstream-loach_species,Hillstream Loach,Beaufortia leveretti,species,loach,freshwater,intermediate,ai_placeholder_needed,,,Generated Placeholder,Fishy generated placeholder,Generated Placeholder,Fishy generated placeholder,False,low,Generated illustrative placeholder; not a verified real species photograph.
reticulated-hillstream-loach_species,Reticulated Hillstream Loach,Sewellia lineolata,species,loach,freshwater,intermediate,ai_placeholder_needed,,,Generated Placeholder,Fishy generated placeholder,Generated Placeholder,Fishy generated placeholder,False,low,Generated illustrative placeholder; not a verified real species photograph.
horseface-loach_species,Horseface Loach,Acantopsis dialuzona,species,loach,freshwater,intermediate,ai_placeholder_needed,,,Generated Placeholder,Fishy generated placeholder,Generated Placeholder,Fishy generated placeholder,False,low,Generated illustrative placeholder; not a verified real species photograph.
weather-loach_species,Weather Loach,Misgurnus anguillicaudatus,species,loach,freshwater,intermediate,ai_placeholder_needed,,,Generated Placeholder,Fishy generated placeholder,Generated Placeholder,Fishy generated placeholder,False,low,Generated illustrative placeholder; not a verified real species photograph.
asian-arowana_species,Asian Arowana,Scleropages formosus,species,arowana,freshwater,advanced,ai_placeholder_needed,,,Generated Placeholder,Fishy generated placeholder,Generated Placeholder,Fishy generated placeholder,False,low,Generated illustrative placeholder; not a verified real species photograph.
malaysian-golden-arowana_morph,Malaysian Golden Arowana,Scleropages formosus,morph,arowana,freshwater,advanced,ai_placeholder_needed,,,Generated Placeholder,Fishy generated placeholder,Generated Placeholder,Fishy generated placeholder,False,low,Generated illustrative placeholder; not a verified real species photograph.
red-arowana_morph,Red Arowana,Scleropages formosus,morph,arowana,freshwater,advanced,ai_placeholder_needed,,,Generated Placeholder,Fishy generated placeholder,Generated Placeholder,Fishy generated placeholder,False,low,Generated illustrative placeholder; not a verified real species photograph.
green-arowana_morph,Green Arowana,Scleropages formosus,morph,arowana,freshwater,advanced,ai_placeholder_needed,,,Generated Placeholder,Fishy generated placeholder,Generated Placeholder,Fishy generated placeholder,False,low,Generated illustrative placeholder; not a verified real species photograph.
silver-arowana_species,Silver Arowana,Osteoglossum bicirrhosum,species,arowana,freshwater,advanced,ai_placeholder_needed,,,Generated Placeholder,Fishy generated placeholder,Generated Placeholder,Fishy generated placeholder,False,low,Generated illustrative placeholder; not a verified real species photograph.
black-arowana_species,Black Arowana,Osteoglossum ferreirai,species,arowana,freshwater,advanced,ai_placeholder_needed,,,Generated Placeholder,Fishy generated placeholder,Generated Placeholder,Fishy generated placeholder,False,low,Generated illustrative placeholder; not a verified real species photograph.
jardini-arowana_species,Jardini Arowana,Scleropages jardini,species,arowana,freshwater,advanced,ai_placeholder_needed,,,Generated Placeholder,Fishy generated placeholder,Generated Placeholder,Fishy generated placeholder,False,low,Generated illustrative placeholder; not a verified real species photograph.
senegal-bichir_species,Senegal Bichir,Polypterus senegalus,species,river-monster-fish,freshwater,intermediate,ai_placeholder_needed,,,Generated Placeholder,Fishy generated placeholder,Generated Placeholder,Fishy generated placeholder,False,low,Generated illustrative placeholder; not a verified real species photograph.
ornate-bichir_species,Ornate Bichir,Polypterus ornatipinnis,species,river-monster-fish,freshwater,advanced,ai_placeholder_needed,,,Generated Placeholder,Fishy generated placeholder,Generated Placeholder,Fishy generated placeholder,False,low,Generated illustrative placeholder; not a verified real species photograph.
delhezi-bichir_species,Delhezi Bichir,Polypterus delhezi,species,river-monster-fish,freshwater,advanced,ai_placeholder_needed,,,Generated Placeholder,Fishy generated placeholder,Generated Placeholder,Fishy generated placeholder,False,low,Generated illustrative placeholder; not a verified real species photograph.
endlicheri-bichir_species,Endlicheri Bichir,Polypterus endlicheri,species,river-monster-fish,freshwater,advanced,ai_placeholder_needed,,,Generated Placeholder,Fishy generated placeholder,Generated Placeholder,Fishy generated placeholder,False,low,Generated illustrative placeholder; not a verified real species photograph.
rope-fish_species,Rope Fish,Erpetoichthys calabaricus,species,river-monster-fish,freshwater,advanced,ai_placeholder_needed,,,Generated Placeholder,Fishy generated placeholder,Generated Placeholder,Fishy generated placeholder,False,low,Generated illustrative placeholder; not a verified real species photograph.
clown-knifefish_species,Clown Knifefish,Chitala ornata,species,river-monster-fish,freshwater,advanced,ai_placeholder_needed,,,Generated Placeholder,Fishy generated placeholder,Generated Placeholder,Fishy generated placeholder,False,low,Generated illustrative placeholder; not a verified real species photograph.
black-ghost-knifefish_species,Black Ghost Knifefish,Apteronotus albifrons,species,river-monster-fish,freshwater,intermediate,ai_placeholder_needed,,,Generated Placeholder,Fishy generated placeholder,Generated Placeholder,Fishy generated placeholder,False,low,Generated illustrative placeholder; not a verified real species photograph.
fire-eel_species,Fire Eel,Mastacembelus erythrotaenia,species,river-monster-fish,freshwater,advanced,ai_placeholder_needed,,,Generated Placeholder,Fishy generated placeholder,Generated Placeholder,Fishy generated placeholder,False,low,Generated illustrative placeholder; not a verified real species photograph.
peacock-eel_species,Peacock Eel,Macrognathus siamensis,species,river-monster-fish,freshwater,intermediate,ai_placeholder_needed,,,Generated Placeholder,Fishy generated placeholder,Generated Placeholder,Fishy generated placeholder,False,low,Generated illustrative placeholder; not a verified real species photograph.
spotted-gar_species,Spotted Gar,Lepisosteus oculatus,species,river-monster-fish,freshwater,advanced,ai_placeholder_needed,,,Generated Placeholder,Fishy generated placeholder,Generated Placeholder,Fishy generated placeholder,False,low,Generated illustrative placeholder; not a verified real species photograph.
florida-gar_species,Florida Gar,Lepisosteus platyrhincus,species,river-monster-fish,freshwater,advanced,ai_placeholder_needed,,,Generated Placeholder,Fishy generated placeholder,Generated Placeholder,Fishy generated placeholder,False,low,Generated illustrative placeholder; not a verified real species photograph.
tiger-datnoid_species,Tiger Datnoid,Datnioides microlepis,species,river-monster-fish,freshwater,advanced,ai_placeholder_needed,,,Generated Placeholder,Fishy generated placeholder,Generated Placeholder,Fishy generated placeholder,False,low,Generated illustrative placeholder; not a verified real species photograph.
silver-datnoid_species,Silver Datnoid,Datnioides polota,species,river-monster-fish,freshwater,advanced,ai_placeholder_needed,,,Generated Placeholder,Fishy generated placeholder,Generated Placeholder,Fishy generated placeholder,False,low,Generated illustrative placeholder; not a verified real species photograph.
peacock-bass_species,Peacock Bass,Cichla ocellaris,species,river-monster-fish,freshwater,advanced,ai_placeholder_needed,,,Generated Placeholder,Fishy generated placeholder,Generated Placeholder,Fishy generated placeholder,False,low,Generated illustrative placeholder; not a verified real species photograph.
motoro-stingray_species,Motoro Stingray,Potamotrygon motoro,species,river-monster-fish,freshwater,advanced,ai_placeholder_needed,,,Generated Placeholder,Fishy generated placeholder,Generated Placeholder,Fishy generated placeholder,False,low,Generated illustrative placeholder; not a verified real species photograph.
freshwater-archerfish_species,Freshwater Archerfish,Toxotes microlepis,species,river-monster-fish,freshwater,advanced,ai_placeholder_needed,,,Generated Placeholder,Fishy generated placeholder,Generated Placeholder,Fishy generated placeholder,False,low,Generated illustrative placeholder; not a verified real species photograph.
banded-archerfish_species,Banded Archerfish,Toxotes jaculatrix,species,river-monster-fish,freshwater,advanced,ai_placeholder_needed,,,Generated Placeholder,Fishy generated placeholder,Generated Placeholder,Fishy generated placeholder,False,low,Generated illustrative placeholder; not a verified real species photograph.
common-goldfish_species,Common Goldfish,Carassius auratus,species,goldfish,freshwater,beginner,licensed_photo,https://upload.wikimedia.org/wikipedia/commons/e/e9/Goldfish3.jpg,https://upload.wikimedia.org/wikipedia/commons/e/e9/Goldfish3.jpg,https://commons.wikimedia.org/wiki/File:Goldfish3.jpg,Wikimedia Commons,Public Domain,Heptagon,False,high,Verified Public Domain. Released by copyright holder on Wikimedia Commons.
comet-goldfish_variety,Comet Goldfish,Carassius auratus,variety,goldfish,freshwater,beginner,ai_placeholder_needed,,,Generated Placeholder,Fishy generated placeholder,Generated Placeholder,Fishy generated placeholder,False,low,Generated illustrative placeholder; not a verified real species photograph.
shubunkin-goldfish_variety,Shubunkin Goldfish,Carassius auratus,variety,goldfish,freshwater,beginner,ai_placeholder_needed,,,Generated Placeholder,Fishy generated placeholder,Generated Placeholder,Fishy generated placeholder,False,low,Generated illustrative placeholder; not a verified real species photograph.
fantail-goldfish_variety,Fantail Goldfish,Carassius auratus,variety,goldfish,freshwater,beginner,ai_placeholder_needed,,,Generated Placeholder,Fishy generated placeholder,Generated Placeholder,Fishy generated placeholder,False,low,Generated illustrative placeholder; not a verified real species photograph.
oranda-goldfish_variety,Oranda Goldfish,Carassius auratus,variety,goldfish,freshwater,intermediate,ai_placeholder_needed,,,Generated Placeholder,Fishy generated placeholder,Generated Placeholder,Fishy generated placeholder,False,low,Generated illustrative placeholder; not a verified real species photograph.
ranchu-goldfish_variety,Ranchu Goldfish,Carassius auratus,variety,goldfish,freshwater,intermediate,ai_placeholder_needed,,,Generated Placeholder,Fishy generated placeholder,Generated Placeholder,Fishy generated placeholder,False,low,Generated illustrative placeholder; not a verified real species photograph.
ryukin-goldfish_variety,Ryukin Goldfish,Carassius auratus,variety,goldfish,freshwater,beginner,ai_placeholder_needed,,,Generated Placeholder,Fishy generated placeholder,Generated Placeholder,Fishy generated placeholder,False,low,Generated illustrative placeholder; not a verified real species photograph.
telescope-goldfish_variety,Telescope Goldfish,Carassius auratus,variety,goldfish,freshwater,intermediate,ai_placeholder_needed,,,Generated Placeholder,Fishy generated placeholder,Generated Placeholder,Fishy generated placeholder,False,low,Generated illustrative placeholder; not a verified real species photograph.
black-moor-goldfish_variety,Black Moor Goldfish,Carassius auratus,variety,goldfish,freshwater,intermediate,ai_placeholder_needed,,,Generated Placeholder,Fishy generated placeholder,Generated Placeholder,Fishy generated placeholder,False,low,Generated illustrative placeholder; not a verified real species photograph.
pearlscale-goldfish_variety,Pearlscale Goldfish,Carassius auratus,variety,goldfish,freshwater,intermediate,ai_placeholder_needed,,,Generated Placeholder,Fishy generated placeholder,Generated Placeholder,Fishy generated placeholder,False,low,Generated illustrative placeholder; not a verified real species photograph.
lionhead-goldfish_variety,Lionhead Goldfish,Carassius auratus,variety,goldfish,freshwater,intermediate,ai_placeholder_needed,,,Generated Placeholder,Fishy generated placeholder,Generated Placeholder,Fishy generated placeholder,False,low,Generated illustrative placeholder; not a verified real species photograph.
bubble-eye-goldfish_variety,Bubble Eye Goldfish,Carassius auratus,variety,goldfish,freshwater,advanced,ai_placeholder_needed,,,Generated Placeholder,Fishy generated placeholder,Generated Placeholder,Fishy generated placeholder,False,low,Generated illustrative placeholder; not a verified real species photograph.
celestial-eye-goldfish_variety,Celestial Eye Goldfish,Carassius auratus,variety,goldfish,freshwater,advanced,ai_placeholder_needed,,,Generated Placeholder,Fishy generated placeholder,Generated Placeholder,Fishy generated placeholder,False,low,Generated illustrative placeholder; not a verified real species photograph.
koi_species,Koi,Cyprinus rubrofuscus,species,koi,freshwater,intermediate,ai_placeholder_needed,,,Generated Placeholder,Fishy generated placeholder,Generated Placeholder,Fishy generated placeholder,False,low,Generated illustrative placeholder; not a verified real species photograph.
kohaku-koi_variety,Kohaku Koi,Cyprinus rubrofuscus,variety,koi,freshwater,intermediate,ai_placeholder_needed,,,Generated Placeholder,Fishy generated placeholder,Generated Placeholder,Fishy generated placeholder,False,low,Generated illustrative placeholder; not a verified real species photograph.
sanke-koi_variety,Sanke Koi,Cyprinus rubrofuscus,variety,koi,freshwater,intermediate,ai_placeholder_needed,,,Generated Placeholder,Fishy generated placeholder,Generated Placeholder,Fishy generated placeholder,False,low,Generated illustrative placeholder; not a verified real species photograph.
showa-koi_variety,Showa Koi,Cyprinus rubrofuscus,variety,koi,freshwater,intermediate,ai_placeholder_needed,,,Generated Placeholder,Fishy generated placeholder,Generated Placeholder,Fishy generated placeholder,False,low,Generated illustrative placeholder; not a verified real species photograph.
ogon-koi_variety,Ogon Koi,Cyprinus rubrofuscus,variety,koi,freshwater,intermediate,ai_placeholder_needed,,,Generated Placeholder,Fishy generated placeholder,Generated Placeholder,Fishy generated placeholder,False,low,Generated illustrative placeholder; not a verified real species photograph.
chagoi-koi_variety,Chagoi Koi,Cyprinus rubrofuscus,variety,koi,freshwater,intermediate,ai_placeholder_needed,,,Generated Placeholder,Fishy generated placeholder,Generated Placeholder,Fishy generated placeholder,False,low,Generated illustrative placeholder; not a verified real species photograph.
shusui-koi_variety,Shusui Koi,Cyprinus rubrofuscus,variety,koi,freshwater,intermediate,ai_placeholder_needed,,,Generated Placeholder,Fishy generated placeholder,Generated Placeholder,Fishy generated placeholder,False,low,Generated illustrative placeholder; not a verified real species photograph.
asagi-koi_variety,Asagi Koi,Cyprinus rubrofuscus,variety,koi,freshwater,intermediate,ai_placeholder_needed,,,Generated Placeholder,Fishy generated placeholder,Generated Placeholder,Fishy generated placeholder,False,low,Generated illustrative placeholder; not a verified real species photograph.
utsuri-koi_variety,Utsuri Koi,Cyprinus rubrofuscus,variety,koi,freshwater,intermediate,ai_placeholder_needed,,,Generated Placeholder,Fishy generated placeholder,Generated Placeholder,Fishy generated placeholder,False,low,Generated illustrative placeholder; not a verified real species photograph.
ocellaris-clownfish_species,Ocellaris Clownfish,Amphiprion ocellaris,species,marine-fish,marine,beginner,ai_placeholder_needed,,,Generated Placeholder,Fishy generated placeholder,Generated Placeholder,Fishy generated placeholder,False,low,Generated illustrative placeholder; not a verified real species photograph.
percula-clownfish_species,Percula Clownfish,Amphiprion percula,species,marine-fish,marine,beginner,licensed_photo,https://upload.wikimedia.org/wikipedia/commons/9/9b/A._percula.jpg,https://upload.wikimedia.org/wikipedia/commons/9/9b/A._percula.jpg,https://commons.wikimedia.org/wiki/File:A._percula.jpg,Wikimedia Commons,CC BY-SA 3.0,CrisisRose,False,high,Verified CC BY-SA 3.0 via Wikimedia Commons API/file metadata. Species-level image for Amphiprion percula.
tomato-clownfish_species,Tomato Clownfish,Amphiprion frenatus,species,marine-fish,marine,beginner,ai_placeholder_needed,,,Generated Placeholder,Fishy generated placeholder,Generated Placeholder,Fishy generated placeholder,False,low,Generated illustrative placeholder; not a verified real species photograph.
maroon-clownfish_species,Maroon Clownfish,Premnas biaculeatus,species,marine-fish,marine,intermediate,ai_placeholder_needed,,,Generated Placeholder,Fishy generated placeholder,Generated Placeholder,Fishy generated placeholder,False,low,Generated illustrative placeholder; not a verified real species photograph.
clarkii-clownfish_species,Clarkii Clownfish,Amphiprion clarkii,species,marine-fish,marine,beginner,ai_placeholder_needed,,,Generated Placeholder,Fishy generated placeholder,Generated Placeholder,Fishy generated placeholder,False,low,Generated illustrative placeholder; not a verified real species photograph.
blue-green-chromis_species,Blue Green Chromis,Chromis viridis,species,marine-fish,marine,beginner,ai_placeholder_needed,,,Generated Placeholder,Fishy generated placeholder,Generated Placeholder,Fishy generated placeholder,False,low,Generated illustrative placeholder; not a verified real species photograph.
blue-devil-damselfish_species,Blue Devil Damselfish,Chrysiptera cyanea,species,marine-fish,marine,beginner,ai_placeholder_needed,,,Generated Placeholder,Fishy generated placeholder,Generated Placeholder,Fishy generated placeholder,False,low,Generated illustrative placeholder; not a verified real species photograph.
yellowtail-damselfish_species,Yellowtail Damselfish,Chrysiptera parasema,species,marine-fish,marine,beginner,ai_placeholder_needed,,,Generated Placeholder,Fishy generated placeholder,Generated Placeholder,Fishy generated placeholder,False,low,Generated illustrative placeholder; not a verified real species photograph.
banggai-cardinalfish_species,Banggai Cardinalfish,Pterapogon kauderni,species,marine-fish,marine,beginner,ai_placeholder_needed,,,Generated Placeholder,Fishy generated placeholder,Generated Placeholder,Fishy generated placeholder,False,low,Generated illustrative placeholder; not a verified real species photograph.
pajama-cardinalfish_species,Pajama Cardinalfish,Sphaeramia nematoptera,species,marine-fish,marine,beginner,ai_placeholder_needed,,,Generated Placeholder,Fishy generated placeholder,Generated Placeholder,Fishy generated placeholder,False,low,Generated illustrative placeholder; not a verified real species photograph.
yellow-tang_species,Yellow Tang,Zebrasoma flavescens,species,marine-fish,marine,intermediate,ai_placeholder_needed,,,Generated Placeholder,Fishy generated placeholder,Generated Placeholder,Fishy generated placeholder,False,low,Generated illustrative placeholder; not a verified real species photograph.
blue-tang_species,Blue Tang,Paracanthurus hepatus,species,marine-fish,marine,intermediate,ai_placeholder_needed,,,Generated Placeholder,Fishy generated placeholder,Generated Placeholder,Fishy generated placeholder,False,low,Generated illustrative placeholder; not a verified real species photograph.
royal-gramma_species,Royal Gramma,Gramma loreto,species,marine-fish,marine,beginner,ai_placeholder_needed,,,Generated Placeholder,Fishy generated placeholder,Generated Placeholder,Fishy generated placeholder,False,low,Generated illustrative placeholder; not a verified real species photograph.
firefish-goby_species,Firefish Goby,Nemateleotris magnifica,species,marine-fish,marine,beginner,ai_placeholder_needed,,,Generated Placeholder,Fishy generated placeholder,Generated Placeholder,Fishy generated placeholder,False,low,Generated illustrative placeholder; not a verified real species photograph.
mandarin-dragonet_species,Mandarin Dragonet,Synchiropus splendidus,species,marine-fish,marine,advanced,licensed_photo,https://upload.wikimedia.org/wikipedia/commons/2/2d/Synchiropus_splendidus_2_Luc_Viatour.jpg,https://upload.wikimedia.org/wikipedia/commons/2/2d/Synchiropus_splendidus_2_Luc_Viatour.jpg,https://commons.wikimedia.org/wiki/File:Synchiropus_splendidus_2_Luc_Viatour.jpg,Wikimedia Commons,CC BY-SA 3.0,Luc Viatour / https://Lucnix.be,False,high,Verified CC BY-SA 3.0. Attribution required near image (photographer request).
cleaner-wrasse_species,Cleaner Wrasse,Labroides dimidiatus,species,marine-fish,marine,intermediate,ai_placeholder_needed,,,Generated Placeholder,Fishy generated placeholder,Generated Placeholder,Fishy generated placeholder,False,low,Generated illustrative placeholder; not a verified real species photograph.
six-line-wrasse_species,Six Line Wrasse,Pseudocheilinus hexataenia,species,marine-fish,marine,intermediate,ai_placeholder_needed,,,Generated Placeholder,Fishy generated placeholder,Generated Placeholder,Fishy generated placeholder,False,low,Generated illustrative placeholder; not a verified real species photograph.
flame-angelfish_species,Flame Angelfish,Centropyge loriculus,species,marine-fish,marine,intermediate,ai_placeholder_needed,,,Generated Placeholder,Fishy generated placeholder,Generated Placeholder,Fishy generated placeholder,False,low,Generated illustrative placeholder; not a verified real species photograph.
coral-beauty-angelfish_species,Coral Beauty Angelfish,Centropyge bispinosa,species,marine-fish,marine,intermediate,ai_placeholder_needed,,,Generated Placeholder,Fishy generated placeholder,Generated Placeholder,Fishy generated placeholder,False,low,Generated illustrative placeholder; not a verified real species photograph.
yellow-watchman-goby_species,Yellow Watchman Goby,Cryptocentrus cinctus,species,marine-fish,marine,beginner,ai_placeholder_needed,,,Generated Placeholder,Fishy generated placeholder,Generated Placeholder,Fishy generated placeholder,False,low,Generated illustrative placeholder; not a verified real species photograph.
giant-snakehead-toman_species,Giant Snakehead / Toman,Channa micropeltes,species,snakehead,freshwater,advanced,ai_placeholder_needed,,,Generated Placeholder,Fishy generated placeholder,Generated Placeholder,Fishy generated placeholder,False,low,Generated illustrative placeholder; not a verified real species photograph.
striped-snakehead-haruan_species,Striped Snakehead / Haruan,Channa striata,species,snakehead,freshwater,intermediate,ai_placeholder_needed,,,Generated Placeholder,Fishy generated placeholder,Generated Placeholder,Fishy generated placeholder,False,low,Generated illustrative placeholder; not a verified real species photograph.
forest-snakehead_species,Forest Snakehead,Channa lucius,species,snakehead,freshwater,intermediate,ai_placeholder_needed,,,Generated Placeholder,Fishy generated placeholder,Generated Placeholder,Fishy generated placeholder,False,low,Generated illustrative placeholder; not a verified real species photograph.
dwarf-snakehead_species,Dwarf Snakehead,Channa gachua,species,snakehead,freshwater,intermediate,ai_placeholder_needed,,,Generated Placeholder,Fishy generated placeholder,Generated Placeholder,Fishy generated placeholder,False,low,Generated illustrative placeholder; not a verified real species photograph.
bleheri-snakehead_species,Bleheri Snakehead,Channa bleheri,species,snakehead,freshwater,intermediate,ai_placeholder_needed,,,Generated Placeholder,Fishy generated placeholder,Generated Placeholder,Fishy generated placeholder,False,low,Generated illustrative placeholder; not a verified real species photograph.
barca-snakehead_species,Barca Snakehead,Channa barca,species,snakehead,freshwater,advanced,ai_placeholder_needed,,,Generated Placeholder,Fishy generated placeholder,Generated Placeholder,Fishy generated placeholder,False,low,Generated illustrative placeholder; not a verified real species photograph.
stewartii-snakehead_species,Stewartii Snakehead,Channa stewartii,species,snakehead,freshwater,intermediate,ai_placeholder_needed,,,Generated Placeholder,Fishy generated placeholder,Generated Placeholder,Fishy generated placeholder,False,low,Generated illustrative placeholder; not a verified real species photograph.
aurantimaculata-snakehead_species,Aurantimaculata Snakehead,Channa aurantimaculata,species,snakehead,freshwater,intermediate,ai_placeholder_needed,,,Generated Placeholder,Fishy generated placeholder,Generated Placeholder,Fishy generated placeholder,False,low,Generated illustrative placeholder; not a verified real species photograph.
